use_case_id,channel,priority,app_name,send_to_china_flag,traffic_percentage,sender,sender_name,cost_center_id,encrypt_type
UC-001,SMS,High,,No,"HTCL-100%, CSL-0%",HASE,,25267613,
UC-001,PUSH,Medium,HASE_Mobile,,DAASC-100%,,,,
UC-002,EMAIL,High,,,HTCL-100%,hangseng@mail.test.hangseng.com,恒生銀行 Hang Seng Bank,,TLS
UC-002,LETTER,Low,,,,,,,
UC-003,PUSH,High,HASE_Mobile,,DAASC-100%,,,,
UC-003,EMAIL,Medium,,,HTCL-100%,hangseng@mail.info.hangseng.com,恒生銀行信用卡 Hang Seng Bank Credit Card,,TLS
UC-004,SMS,High,,No,"HTCL-70%, CSL-30%",HASE,,25267614,
UC-004,PUSH,Medium,HASE_Mobile_DAASC,,DAASC-100%,,,,
UC-005,EMAIL,High,,,HTCL-100%,itsm-alert@mail.internal.hangseng.com,HASE IT Monitoring,,TLS
